content,label
"This product is amazing! It exceeded my expectations.",Positive
"I am very disappointed. The quality is terrible.",Negative
"Fast delivery and great customer service. Highly recommend!",Positive
"The item arrived broken and the support team was unhelpful.",Negative
"Good value for money. I would buy it again.",Positive
"Terrible experience. Will not order from here again.",Negative
"Absolutely love it! Perfect for my needs.",Positive
"Not as described. Very misleading.",Negative
"Fantastic quality and easy to use. Worth every penny.",Positive
"The worst purchase I have ever made. Avoid at all costs.",Negative
"The packaging was great, and the product works perfectly.",Positive
"Awful customer service. They never responded to my emails.",Negative
"Great price for the quality. I am very happy with this purchase.",Positive
"The product stopped working after a week. Total waste of money.",Negative
"Superb! I’ve already recommended it to my friends.",Positive
"The colors faded after the first wash. Very disappointing.",Negative
"Quick shipping and exactly as described. Will buy again.",Positive
"Too expensive for what it offers. Not worth it.",Negative
"Excellent craftsmanship and attention to detail. A+!",Positive
"The instructions were unclear, and the setup was a nightmare.",Negative
"The app is user-friendly and has all the features I need.",Positive
"Overpriced and underwhelming. Would not recommend.",Negative
"My kids love it! It's safe and fun to use.",Positive
"The material feels cheap and flimsy. Not durable at all.",Negative
"Exceeded my expectations. The quality is top-notch.",Positive
"The delivery took forever, and the product was damaged.",Negative
"Great for beginners. Easy to use and reliable.",Positive
"Horrible experience. The item didn’t match the description.",Negative
"I’m so impressed! It’s better than I imagined.",Positive
"The product was defective, and I had to return it.",Negative
"Wonderful design and very functional. Perfect for my home.",Positive
"Customer service went above and beyond to assist me.",Positive
"The build quality is poor, and it doesn’t feel sturdy.",Negative
"Absolutely fantastic! I couldn’t be happier with my purchase.",Positive
"The product looks cheap and doesn’t work as advertised.",Negative
"Arrived on time and in perfect condition. Very satisfied.",Positive
"I regret buying this. It’s not worth the hype.",Negative
"Excellent product! I’ll definitely order from this brand again.",Positive
"The item was missing parts, and I couldn’t assemble it.",Negative
"Very comfortable and stylish. I wear it every day.",Positive
"The worst customer service I’ve ever dealt with.",Negative
"Highly durable and works like a charm. Great investment!",Positive
"The product is overpriced and doesn’t meet expectations.",Negative
"Very intuitive and easy to set up. Great for tech newbies.",Positive
"The product arrived late and was poorly packaged.",Negative
"Absolutely love this! It’s exactly what I needed.",Positive
"The quality is mediocre, and it doesn’t justify the price.",Negative
"Highly recommend this to anyone looking for quality.",Positive
"Not worth the money. It broke after just a few uses.",Negative
"Perfect for everyday use. Lightweight and compact.",Positive
"The product is faulty, and the replacement process is a hassle.",Negative
"Outstanding performance and very user-friendly.",Positive
"The colors are vibrant, and the material feels premium.",Positive
"Terrible experience. I’m never shopping here again.",Negative
"Perfect gift for my family. They loved it!",Positive
"The item was scratched and looked used. Very disappointed.",Negative
"Easy to use and works perfectly. Great value for money.",Positive
